S.,SNAME,CITY,AVG,CLG.
71133848,MOHAMADI,TEHRAN,17.23999977,10
72130502,VAKILI,ESFAHAN,14.06000042,10
72203305,ALINAGHI ZADEH,MASHHAD,16.42000008,1
72210211,KEYVAN,ZAHEDAN,13.43999958,5
72210212,NAVIDI,SHIRAZ,18.11000061,4
72210213,NASHERI,SANANDAJ,15.72999954,11
73120504,KAMANI,YAZD,17.55999947,4
73166801,AHMADI,KERMAN,15.43999958,5
73172297,SHAHABI,KERMAN,16.63999939,10
74182532,JAVADI,TEHRAN,16.79999924,5
74209836,HOSEYN ZADE,TABRIZ,12.19999981,6
